Retailer code,Retailer name,Type,Country
1101,ActiForme,Equipment Rental Store,France
1115,SportsClub,Golf Shop,France
1123,Anapurna,Direct Marketing,France
1132,Cordages Discount,Warehouse Store,France
1133,Altitudes extrêmes,Outdoors Shop,France
1134,Optique et Lentilles,Eyewear Store,France
1135,Camping Sauvage,Outdoors Shop,France
1137,Grand choix,Department Store,Switzerland
1144,Die Fitness-Experten,Direct Marketing,Germany
1147,Der Fitness-Doktor,Sports Store,Germany
1148,Sport & Freizeit,Department Store,Germany
1149,Holstein Golf,Golf Shop,Germany
1150,Die Zeltstadt,Warehouse Store,Germany
1151,Extrem!,Outdoors Shop,Germany
1154,In die Berge!,Outdoors Shop,Germany
1157,Rad und Tat,Direct Marketing,Germany
1158,Weitblick,Eyewear Store,Germany
1189,Rock Steady,Outdoors Shop,Canada
1190,Ultra Sports,Sports Store,Canada
1191,Mountain Madness,Direct Marketing,Canada
1192,VIP Department Stores,Department Store,Canada
1193,Le Golfeur,Golf Shop,Canada
1194,Sunglass Corner,Eyewear Store,Canada
1195,Falcon Outfitters,Outdoors Shop,United States
1196,Maximum Sports,Sports Store,Canada
1197,Act'N'Up Fitness,Warehouse Store,Canada
1198,Advanced Climbing Ltd,Equipment Rental Store,Canada
1199,Outdoor Gear Co-op,Warehouse Store,United States
1200,Golf Masters,Golf Shop,United States
1201,The Marketplace,Department Store,United States
1202,Camping Equipment Online,Direct Marketing,United States
1203,Tamarack Outfitter Rentals,Equipment Rental Store,United States
1204,Extreme Outdoors,Outdoors Shop,United States
1205,Eye Dimensions,Eyewear Store,United States
1206,Donovan's Sports,Sports Store,United States
1208,Trail Masters,Outdoors Shop,United States
1209,Second Wind Sports,Sports Store,United States
1210,The Golf Hut,Golf Shop,United States
1211,Buena Vista Eyeware,Eyewear Store,United States
1212,Jack and Jill Climbing School & Supplies,Outdoors Shop,United States
1213,Edward's Department Store,Department Store,United States
1214,Parkland Camping Rentals,Equipment Rental Store,United States
1215,Consumer Club,Warehouse Store,United States
1216,Connor Department Store,Department Store,United States
1217,By A Thread,Outdoors Shop,United States
1218,Hartman's,Department Store,United States
1219,Mega-Outlet,Warehouse Store,United States
1220,Pumped!,Sports Store,United States
1221,The Caddy's Corner,Golf Shop,United States
1222,Up The Creek,Equipment Rental Store,United States
1223,American Home,Department Store,United States
1224,Weston Outfitters,Outdoors Shop,United States
1225,La bonne Forme,Sports Store,France
1226,"Artículos de Campismo El Aquila, S.A. de C.V.",Outdoors Shop,Mexico
1227,"Todo para el Golf, S.A. de C.V.",Golf Shop,Mexico
1228,"MER-KA-DOS, S.A. de C.V.",Department Store,Mexico
1229,Golf Shop Jiro,Golf Shop,Japan
1230,Japan Sports Youhinten,Sports Store,Japan
1231,Hinode Megane,Eyewear Store,Japan
1232,Hanagata Golf Shop,Golf Shop,Japan
1233,Kitanaka Tozanyouhinten,Equipment Rental Store,Japan
1234,Kanjosen Sport,Sports Store,Japan
1235,Chuei Hyakkaten,Department Store,Japan
1236,NIPPON Sofcon Net,Direct Marketing,Japan
1237,Campingspecialisten,Outdoors Shop,Sweden
1238,Sport Jonas,Sports Store,Sweden
1240,T & R Sport,Direct Marketing,Sweden
1241,Sportworld,Department Store,Netherlands
1242,Topforma,Direct Marketing,Netherlands
1243,Get Out,Equipment Rental Store,Netherlands
1244,Holland Zonzoekers,Golf Shop,Netherlands
1245,Beter Buitenleven,Outdoors Shop,Netherlands
1246,Extra Sport,Sports Store,Netherlands
1247,NonSoloNeve,Sports Store,Italy
1248,Paradiso della Tenda,Outdoors Shop,Italy
1249,Bellini,Golf Shop,Italy
1250,Brambilla,Department Store,Italy
1255,Beach Beds Pty Ltd.,Department Store,Australia
1256,Blue Mountains Golfing Company,Golf Shop,Australia
1257,Kanga Kampers,Outdoors Shop,Australia
1258,Naranco de Bulnes,Outdoors Shop,Spain
1259,Ocio y Aventura,Department Store,Spain
1260,Esportes Grumari,Department Store,Brazil
1261,Preben's Tøy,Outdoors Shop,Denmark
1268,Arjan Aitta,Outdoors Shop,Finland
1270,Hansung Golf,Golf Shop,Korea
1271,Taeho Sports,Sports Store,Korea
1272,"Chen Yu Enterprise Co.,",Department Store,Korea
1273,Fu Chin Sport Equipment Co.,Direct Marketing,Singapore
1274,Hai Wan Shin Sport Equipment Co.,Golf Shop,Singapore
1275,"Hangzhou Superman Sports Goods Co., LTD.",Golf Shop,China
1276,"China Multi-channel Sports Co., LTD.",Direct Marketing,China
1277,"Lan King Sports Co., LTD.",Outdoors Shop,China
1278,Beck's Sports Store,Sports Store,United Kingdom
1279,Browns Opticals,Eyewear Store,United Kingdom
1280,Hurst Ironmongers,Golf Shop,United Kingdom
1281,Jensen Mountaineering,Outdoors Shop,United Kingdom
1282,Leisure Land,Department Store,United Kingdom
1283,Outdoor Experience,Outdoors Shop,United Kingdom
1284,Romford Tools Ltd,Direct Marketing,United Kingdom
1285,Alles für Draußen,Direct Marketing,Switzerland
1286,Arnold's Clubs,Golf Shop,Switzerland
1288,Windsurfing Zürichsee,Sports Store,Switzerland
1289,Golf's'us,Golf Shop,Belgium
1293,Allo Allo,Direct Marketing,Belgium
1294,Caravanserai,Outdoors Shop,Belgium
1309,Ausrüstungshaus Globetrotter,Department Store,Austria
1310,Golfer-Paradies,Golf Shop,Austria
1311,Outdoor-Fachgeschäft Müller,Outdoors Shop,Austria
1313,Over the Top Cycles,Direct Marketing,Canada
1314,Excellence en Montagne,Outdoors Shop,Canada
1315,Vacation Central,Direct Marketing,Canada
1316,Outdoor Central Ltd,Outdoors Shop,Canada
1317,Precipice Equipment,Outdoors Shop,Canada
1318,Clear Valley Waters,Direct Marketing,Canada
1319,Eyewear 2000,Eyewear Store,Canada
1320,Expert Fitness,Warehouse Store,Canada
1321,Andes Camping Supplies,Outdoors Shop,Canada
1322,Golfer's Paradise,Golf Shop,Canada
1323,Fresh Air Co,Sports Store,Canada
1324,Mountaineering Gear,Outdoors Shop,Canada
1325,Boutique L'Aventure,Sports Store,Canada
1326,Clubhouse Sports,Sports Store,Canada
1327,Der Camping-Laden,Outdoors Shop,Germany
1328,Club und Freizeit GmbH,Outdoors Shop,Germany
1329,Aktive Freizeit,Equipment Rental Store,Germany
1330,Die Bergexperten,Direct Marketing,Germany
1331,Die Sportstube,Sports Store,Germany
1332,Naturbewußt,Direct Marketing,Germany
1333,Die Camping-Halle,Warehouse Store,Germany
1334,Der Camping-Spezialist,Direct Marketing,Germany
1335,Super-Tourist,Equipment Rental Store,Germany
1336,Schnelle Fitness,Equipment Rental Store,Germany
1337,Sport Aktuell,Sports Store,Germany
1338,Ins Freie!,Outdoors Shop,Germany
1339,Zelte und mehr,Equipment Rental Store,Germany
1340,Reisemarkt,Warehouse Store,Germany
1341,Wanderliebe,Equipment Rental Store,Germany
1342,Freizeit-Consult,Direct Marketing,Germany
1343,Zielmarkt,Warehouse Store,Germany
1344,Optik,Eyewear Store,Germany
1345,Superhike,Outdoors Shop,Germany
1346,Wanderwelt,Outdoors Shop,Germany
1347,Sport-Lagerhalle,Warehouse Store,Germany
1348,Der Alpinist,Outdoors Shop,Germany
1349,Sportwaren GmbH,Department Store,Germany
1350,Big T's Camping Supplies,Outdoors Shop,Canada
1351,Lookout Below Ltd,Outdoors Shop,Canada
1352,Hill Street Sports,Sports Store,Canada
1353,Wilderness Wonderment Ltd,Equipment Rental Store,Canada
1354,All Season Camping Goods,Outdoors Shop,Canada
1355,Pack Man,Outdoors Shop,Canada
1356,Alpenfreizeit,Outdoors Shop,Germany
1357,Gipfelstürmer,Outdoors Shop,Germany
1358,Ralph's Hike-Shop,Outdoors Shop,Germany
1359,Expedition Outfitters,Outdoors Shop,United States
1360,"Bicicletas La Rueda, S.A. de C.V.",Warehouse Store,Mexico
1361,"Cyclo-cross, S.A. de C.V.",Outdoors Shop,Mexico
1362,"Deportes Pepe, S.C.",Sports Store,Mexico
1363,"Deportes La Fortaleza, S.A. de C.V.",Sports Store,Mexico
1364,"Deportes Martín, S.A. de C.V.",Direct Marketing,Mexico
1365,"Grupo Lozano, S.A. de C.V.",Equipment Rental Store,Mexico
1366,"Accesorios Importados, S.A. de C.V.",Eyewear Store,Mexico
1367,OmniChoix,Department Store,France
1368,Aventure Marché,Direct Marketing,France
1369,Produits Vivifiants,Direct Marketing,France
1370,Cyclo-cross,Equipment Rental Store,France
1371,Mont Blanc,Equipment Rental Store,France
1372,Le Montagnard,Equipment Rental Store,France
1373,Folie Verticale,Outdoors Shop,France
1374,L'Équipée,Outdoors Shop,France
1375,Par monts et par vaux,Outdoors Shop,France
1376,Piquets et propane,Outdoors Shop,France
1377,Plein'R,Outdoors Shop,France
1378,Courses Montagne,Outdoors Shop,France
1379,Vaisselle ALPES,Outdoors Shop,France
1380,Sud Sports,Sports Store,France
1381,Sport Plaisir,Sports Store,France
1382,Au vieux montagnard,Sports Store,France
1383,La poudreuse,Sports Store,France
1384,Ski d'été,Sports Store,France
1385,Sports d'Hiver,Sports Store,France
1386,Berger Sport en gros,Warehouse Store,France
1387,Aux meilleurs prix,Warehouse Store,France
1388,Tout l'extérieur,Warehouse Store,France
1389,Sports Magnet,Sports Store,United States
1390,Sporting Goods Direct,Warehouse Store,United States
1391,Big Fundy Outfitters,Outdoors Shop,United States
1392,Terra Nova Camping Rentals,Equipment Rental Store,United States
1393,Bill's Cycle Shop,Sports Store,United States
1394,Odds and Ends Fishing Tackle,Outdoors Shop,United States
1395,Algonquin Camping Supplies,Outdoors Shop,United States
1396,Granite Mountain Gear,Outdoors Shop,United States
1397,Wild Willy's Sports,Sports Store,United States
1398,Kavanagh Sports,Sports Store,United States
1399,The Wilderness Hut,Outdoors Shop,United States
1400,Expedition Club,Warehouse Store,United States
1401,Husky Outfitters,Outdoors Shop,United States
1402,Great Adventures,Outdoors Shop,United States
1403,Billing's Department Store,Department Store,United States
1404,Red Wiggler Tackle Shop,Outdoors Shop,United States
1405,Eagle Eyes,Eyewear Store,United States
1406,Nature Voyageurs,Outdoors Shop,United States
1407,Big Portage Outfitters,Outdoors Shop,United States
1408,The Wilderness Experts,Outdoors Shop,United States
1409,I-wear Direct,Direct Marketing,United States
1410,The Golfing Pros,Golf Shop,United States
1411,Great Expeditions,Outdoors Shop,United States
1412,Game On! Sports,Sports Store,United States
1413,Vertical Frontiers Mountain Gear,Outdoors Shop,United States
1414,Sportmans Warehouse,Warehouse Store,United States
1415,Great River Adventures,Outdoors Shop,United States
1416,Off Course Golf Shop,Golf Shop,United States
1417,The Wilderness Depot,Warehouse Store,United States
1418,Franklin's Department Store,Department Store,United States
1419,Outdoors Direct,Direct Marketing,United States
1420,The Driving Range,Golf Shop,United States
1421,The Last Frontier,Outdoors Shop,United States
1422,The Golf Cart,Golf Shop,United States
1423,Big Valley Camping Goods,Outdoors Shop,United States
1424,The Sport Pros,Sports Store,United States
1425,Nature Bound,Outdoors Shop,United States
1426,The Sport Gurus,Sports Store,United States
1427,Surf's Up!,Sports Store,United States
1428,Starting Line Sports,Sports Store,United States
1429,Sports Crossing,Sports Store,United States
1430,Base Camp Essentials,Outdoors Shop,United States
1431,Nature Lovers,Outdoors Shop,United States
1432,The World of Sports,Sports Store,United States
1433,The Bazaar,Department Store,United States
1434,The Sports Market,Sports Store,United States
1435,On the Green Rentals,Equipment Rental Store,United States
1436,Acute Sight,Eyewear Store,United States
1437,Crazy Canucks,Outdoors Shop,United States
1438,Rent All Sports,Equipment Rental Store,United States
1439,The Mountain Specialists,Outdoors Shop,United States
1440,The Canoe Experts,Outdoors Shop,United States
1441,Boot Camp Equipment,Warehouse Store,United States
1442,Fresh Air Fitness,Sports Store,United States
1443,Sports Vision,Sports Store,United States
1444,Parr's Golf Store,Golf Shop,United States
1445,The Sports Factory,Department Store,United States
1446,Mom's Camping Goods,Outdoors Shop,United States
1447,Cycle Maniacs,Sports Store,United States
1448,Peak Gear,Outdoors Shop,United States
1449,Ultra Sport,Sports Store,Germany
1450,Azabu Golf Shop,Golf Shop,Japan
1451,Daibutsu Golf Shop,Golf Shop,Japan
1452,Fukuoka Golf Shop,Golf Shop,Japan
1453,Gyutan Golf Shop,Golf Shop,Japan
1454,Hakata Tozanyouhin Senmonten,Equipment Rental Store,Japan
1455,Hankai Tozanyouhinten,Equipment Rental Store,Japan
1456,Hashimoto Sport Ten,Sports Store,Japan
1457,Jouhou Kakumei Net,Direct Marketing,Japan
1458,Kansai Megane,Eyewear Store,Japan
1459,Kurashiro Golf Ten,Golf Shop,Japan
1460,Mihara Sport,Sports Store,Japan
1461,Mitumaru Shoji Sport Youhinten,Sports Store,Japan
1462,Nankyu Outdoor Youhin Senmonten,Outdoors Shop,Japan
1463,Nitto Sport Ten,Sports Store,Japan
1464,Ozu Golf Shop,Golf Shop,Japan
1465,Sasaki Sport Ten,Sports Store,Japan
1466,Shinozaki Outdoor Shop,Outdoors Shop,Japan
1467,Shoumaru Hyakkaten,Department Store,Japan
1468,Todoroki Outdoor Shop,Outdoors Shop,Japan
1469,Tokyo Megane,Eyewear Store,Japan
1470,Uragome Outdoor Youhinten,Outdoors Shop,Japan
1471,Yamazaki Sport Youhinten,Sports Store,Japan
1472,Nomura Outdoor Yohinten,Outdoors Shop,Japan
1473,Toutate Hyakkaten,Department Store,Japan
1474,Benriya Net,Direct Marketing,Japan
1475,Midoribashi Megane,Eyewear Store,Japan
1476,Mentai Sport Shop,Sports Store,Japan
1477,Gone Bush Supplies,Equipment Rental Store,Australia
1478,Top End Equipment,Direct Marketing,Australia
1479,4 Golf only,Golf Shop,Australia
1480,Black Stump Camping Supplies,Outdoors Shop,Australia
1481,OutBack Pty,Outdoors Shop,Australia
1482,Harbour Pty Ltd.,Warehouse Store,Australia
1483,Jackos Enviro Shop,Warehouse Store,Australia
1484,Southern Cross Pty.,Eyewear Store,Australia
1485,Can't Beat The Bush Supplies,Direct Marketing,Australia
1486,Watson's Golf Supplies,Golf Shop,Australia
1487,Sporthaus Moser,Outdoors Shop,Austria
1488,Kaufhaus Freizeit,Department Store,Austria
1489,Olympia Ausrüstung,Warehouse Store,Austria
1490,Sportartikel-Fundgrube,Sports Store,Austria
1491,Der Golfshop,Golf Shop,Austria
1492,Öko-Versand,Direct Marketing,Austria
1493,Freizeit-Lager,Warehouse Store,Austria
1494,Sportladen 1-2-3,Sports Store,Austria
1495,Camping 2000,Outdoors Shop,Austria
1496,De Camping Specialist,Outdoors Shop,Belgium
1497,Het Sporthuis,Sports Store,Belgium
1498,Le Bazar,Department Store,Belgium
1499,Swing Back,Golf Shop,Belgium
1500,Pleine Forme,Sports Store,Belgium
1501,Stock Express,Warehouse Store,Belgium
1502,Lojas do Esportista,Sports Store,Brazil
1503,Palácio do Camping,Outdoors Shop,Brazil
1504,Paulista Esportes,Golf Shop,Brazil
1505,Casa do Alpinista,Sports Store,Brazil
1506,Mega Shop do Esporte,Warehouse Store,Brazil
1507,Esportópolis,Warehouse Store,Brazil
1508,Rei do Camping,Outdoors Shop,Brazil
1509,Morro Sports,Sports Store,Brazil
1510,Great Dragon Group,Eyewear Store,China
1511,W&S Gloria Sport Center,Direct Marketing,China
1512,"Shaoxing NARI Co., LTD.",Outdoors Shop,China
1513,"Inner Mongolia Xin Zhong Co., LTD",Department Store,China
1514,"Rainbow Service Co., LTD.",Warehouse Store,China
1515,ORDER Group,Outdoors Shop,China
1516,COMLINRK International Enterprises LTD.,Outdoors Shop,China
1517,"Kingdee Co., LTD.",Warehouse Store,China
1518,Classens,Department Store,Denmark
1519,Golf Butikken,Golf Shop,Denmark
1520,København Brillecenter,Eyewear Store,Denmark
1521,Aarhus Sport,Sports Store,Denmark
1522,Vi Lejer Ud A/S,Equipment Rental Store,Denmark
1523,Campingvarehuset,Outdoors Shop,Denmark
1524,Media Center A/S,Direct Marketing,Denmark
1525,Storkøb,Warehouse Store,Denmark
1526,Hartvigsens,Department Store,Denmark
1527,Martin's Golf,Golf Shop,Denmark
1528,København Storecenter,Warehouse Store,Denmark
1529,Tavaratalo Mattas Oy,Department Store,Finland
1530,Sihvolan Postmyynti,Direct Marketing,Finland
1531,Silmäasema Karell Oy,Eyewear Store,Finland
1532,Golfmaailma HL,Golf Shop,Finland
1533,Töölön Urheilu ja Pyörä,Sports Store,Finland
1534,Urheilu Sihvola,Sports Store,Finland
1535,Rantalan Tukku,Warehouse Store,Finland
1536,Gli Sportivi,Equipment Rental Store,Italy
1537,Mari&Monti,Eyewear Store,Italy
1538,Tre Valli,Warehouse Store,Italy
1539,AcquaVerde,Outdoors Shop,Italy
1540,Rossi Accessori,Direct Marketing,Italy
1541,Le Vele,Department Store,Italy
1542,Giorgi,Golf Shop,Italy
1543,Centro dello Sportivo,Sports Store,Italy
1544,La Rondine,Department Store,Italy
1545,Compagnia dei Viaggiatori,Outdoors Shop,Italy
1546,L' Esploratore,Outdoors Shop,Italy
1547,Hanaro Department,Department Store,Korea
1548,Asan Department,Department Store,Korea
1549,Daeung Rental,Equipment Rental Store,Korea
1550,Hanshin Department,Department Store,Korea
1551,DongHan company,Direct Marketing,Korea
1552,Tongil Sports,Sports Store,Korea
1553,Hankook Sports,Sports Store,Korea
1554,Kong's Sports,Sports Store,Korea
1555,Shingu Golf,Golf Shop,Korea
1556,Samdo Club,Warehouse Store,Korea
1557,SportTotaal,Warehouse Store,Netherlands
1558,Sport Gezond,Department Store,Netherlands
1559,Van Out Bv.,Eyewear Store,Netherlands
1560,Anywhere Everywhere,Eyewear Store,Netherlands
1561,Het Fitte Gevoel,Golf Shop,Netherlands
1562,Cornelius' buitensport,Outdoors Shop,Netherlands
1563,Klimmeester,Outdoors Shop,Netherlands
1564,Fred's Sportpaleis,Warehouse Store,Netherlands
1565,Eurobal,Sports Store,Netherlands
1566,Kampeer Top Shop,Outdoors Shop,Netherlands
1567,Klimgek Bv.,Outdoors Shop,Netherlands
1568,Aarde Rond Bv.,Equipment Rental Store,Netherlands
1569,Picos,Department Store,Spain
1570,Valle Luz,Department Store,Spain
1571,Candanchú,Outdoors Shop,Spain
1572,Golf España,Golf Shop,Spain
1573,Alpino,Outdoors Shop,Spain
1574,Supremas Montañas,Outdoors Shop,Spain
1575,Crèmes solaires,Outdoors Shop,Switzerland
1576,Contacts maisons,Direct Marketing,Switzerland
1577,Construction Montagne,Warehouse Store,Switzerland
1578,RosaCamping,Outdoors Shop,Switzerland
1579,Optikhaus,Eyewear Store,Switzerland
1580,Bergsteiger-Glück,Department Store,Switzerland
1581,La Slitta,Department Store,Switzerland
1582,Cordages Divers,Outdoors Shop,Switzerland
1583,Topsport,Sports Store,Switzerland
1584,Escalades voyages,Direct Marketing,Switzerland
1585,Divers Montagne,Outdoors Shop,Switzerland
1586,Camping douceur,Outdoors Shop,Switzerland
1587,Haus der Tramper,Department Store,Switzerland
1588,Supertramp,Warehouse Store,Switzerland
1589,Alpin Sport,Outdoors Shop,Switzerland
1590,Gregoretti Sport,Direct Marketing,Switzerland
1591,Tentes et cordages,Outdoors Shop,Switzerland
1592,Golf Haus,Golf Shop,Switzerland
1593,Camp 34,Outdoors Shop,Switzerland
1594,Mondo Neve,Equipment Rental Store,Switzerland
1595,World-Wild Sport Equipment Co.,Outdoors Shop,Singapore
1596,Gin May Enterprises Co.,Golf Shop,Singapore
1597,Yuan Li Enterprises Co.,Warehouse Store,Singapore
1598,Hong Wai Enterprises Co.,Equipment Rental Store,Singapore
1599,Chuan Yang Sport Equipment Co.,Outdoors Shop,Singapore
1600,Moun Tin Huan Health & Sport Equipment Co.,Direct Marketing,Singapore
1601,Extensive Enterprises Co.,Outdoors Shop,Singapore
1602,James Enterprise Co.,Outdoors Shop,Singapore
1603,"Chen Ze May Enterprises Co., Ltd.",Warehouse Store,Singapore
1604,Percy's Irons,Golf Shop,United Kingdom
1605,Baxters Pro Shop,Golf Shop,United Kingdom
1606,Breathe Free ltd,Direct Marketing,United Kingdom
1607,Brown's Opticians,Eyewear Store,United Kingdom
1608,Campland Limited,Outdoors Shop,United Kingdom
1609,Country Esquire,Outdoors Shop,United Kingdom
1610,Edge Mountainwear,Outdoors Shop,United Kingdom
1611,FreshCo,Department Store,United Kingdom
1612,Berkshire Traders,Outdoors Shop,United Kingdom
1613,Outdoor World,Outdoors Shop,United Kingdom
1614,Seamate Chandlers,Outdoors Shop,United Kingdom
1615,Smith's Chemists,Warehouse Store,United Kingdom
1616,Sportlife,Sports Store,United Kingdom
1617,Starsight Limited,Direct Marketing,United Kingdom
1618,The Cutting Edge,Direct Marketing,United Kingdom
1619,Tee Time Limited,Golf Shop,United Kingdom
1620,The Golf Boutique,Golf Shop,United Kingdom
1621,Total Sports,Sports Store,United Kingdom
1622,Visual Experience,Outdoors Shop,United Kingdom
1623,The Village Chemist,Warehouse Store,United Kingdom
1624,Franklins',Department Store,United Kingdom
1625,Focus Eyewear,Eyewear Store,United Kingdom
1626,RR:s Stormarknad,Department Store,Sweden
1627,Jakt och Fritid AB,Outdoors Shop,Sweden
1628,Klättringsexperten AB,Direct Marketing,Sweden
1629,Cykelcentrum,Sports Store,Sweden
1630,Fritidscenter,Equipment Rental Store,Sweden
1631,Skog & Mark AB,Eyewear Store,Sweden
1632,Golf Butiken,Golf Shop,Sweden
1633,Hole in One AB,Golf Shop,Sweden
1634,REX Klätterutrustning AB,Warehouse Store,Sweden
1635,Allt för camping AB,Outdoors Shop,Sweden
1636,Aqua Sport,Sports Store,Sweden
1637,Sport Experten AB,Sports Store,Sweden
1638,Toppform AB,Warehouse Store,Sweden
1639,Stinas Campingutrustning,Outdoors Shop,Sweden
1640,Kermasport,Eyewear Store,Belgium
1641,Aktiv Markt,Sports Store,Germany
1642,Sportarena,Sports Store,Germany
1643,Nautic Aspect,Sports Store,Belgium
1644,Vitasport,Sports Store,Belgium
1645,Le campeur,Outdoors Shop,Belgium
1646,Jackson Sporting Goods,Sports Store,United States
1647,Sport Supply,Sports Store,United States
1648,Champs,Sports Store,United States
1649,Golf Universe,Golf Shop,United States
1650,Barry's Discount Golf Shop,Golf Shop,United States
1651,Grapevine Golf,Golf Shop,United States
1652,Goldberg Golf & Tennis,Golf Shop,United States
1653,Sallinger's Power Golf,Golf Shop,United States
1654,CanDepot,Department Store,Canada
1656,Sporting Goods,Sports Store,Canada
1657,Golf Etc,Golf Shop,Canada
1658,The Power Swing,Golf Shop,Canada
1659,Grapevive Golf,Golf Shop,Canada
1660,Action Factory,Sports Store,Finland
1661,Silversport,Sports Store,Finland
1662,GoSportGo,Sports Store,Finland
1663,Sport Planet,Sports Store,Finland
1664,Hallman Sports,Sports Store,Finland
1665,Ulkopuolella,Outdoors Shop,Finland
1666,Ulkosalla,Outdoors Shop,Finland
1667,Shinbashi sports store,Outdoors Shop,Japan
1668,South Yodogawa sports,Outdoors Shop,Japan
1669,Super National Co. Ltd.,Outdoors Shop,Japan
1670,Sports Scene,Sports Store,United Kingdom
1671,JV Sports,Sports Store,United Kingdom
1672,Ike's Sports and Leisure,Sports Store,United Kingdom
1673,Fitworld,Sports Store,United Kingdom
1674,Up and Running,Sports Store,United Kingdom
1675,Shanghai first sporting goods shopping center,Sports Store,China
1676,Pudong campaign commercial goods Monopoly,Sports Store,China
1677,Nike sports goods boutique,Sports Store,China
1678,Shanghai Ruiyu fitness leisure Ltd.,Sports Store,China
1679,Kennex sporting goods Co. Ltd.,Sports Store,China
1680,Double happiness sports store,Sports Store,China
1681,Dekalb Avignon (Shanghai) sporting goods Co. Ltd.,Sports Store,China
1682,Shanghai Shengqing outdoors Company,Outdoors Shop,China
1683,Maoyu outdoors shop,Outdoors Shop,China
1684,Buruilin outdoor leisure Club,Outdoors Shop,China
1685,Tiankong outdoors shop,Outdoors Shop,China
1686,Shanghai Theis golf goods Co. Ltd.,Golf Shop,China
1687,Baicida golf products development Ltd.,Golf Shop,China
1688,Benjian golf stores,Golf Shop,China
1689,Changqing golf stores,Golf Shop,China
1690,Shanghai international outdoors Monopoly,Outdoors Shop,China
1691,Shanghai Jianhua camping supplies shop,Outdoors Shop,China
1692,Nanyang outdoors equipment,Outdoors Shop,Singapore
1693,Sentosa group shop,Outdoors Shop,Singapore
1694,Niaojie Characteristics supplies,Outdoors Shop,Singapore
1695,Tingyu Pavilion,Outdoors Shop,Singapore
1696,Nanhe travel Co. Ltd.,Outdoors Shop,Singapore
1697,Metro department store,Department Store,Singapore
1698,Shi Ja Dong Co. Ltd.,Department Store,Singapore
1699,Marco & Figli,Golf Shop,Italy
1700,Deposito di golf,Golf Shop,Italy
1701,Randello,Golf Shop,Italy
1702,Gammamoto,Outdoors Shop,Italy
1703,Sulla montagna,Outdoors Shop,Italy
1704,Accapamento,Outdoors Shop,Italy
1705,All'aperto esperienza,Outdoors Shop,Italy
1707,Univers extérieur,Outdoors Shop,France
1708,Air frais,Outdoors Shop,France
1709,Euro-Kaufhaus,Sports Store,Austria
1710,Galeria Sport,Sports Store,Austria
1711,Aktive Markt,Sports Store,Austria
1712,Unternehmungslustig,Sports Store,Austria
1713,Golfverein,Golf Shop,Austria
1714,Golfausrüstung,Golf Shop,Austria
1715,Roadrunners store,Outdoors Shop,Japan
1716,Metropolis,Outdoors Shop,Japan
1717,Sports & Outdoors,Outdoors Shop,Japan
1718,1 for 1 Sports shop,Outdoors Shop,Japan
1719,ICI Umeda Campaign store,Outdoors Shop,Japan
1720,Blizzard super outdoors Japan Inc.,Outdoors Shop,Japan
1722,Alpine gallary sports,Sports Store,Japan
1723,Nanba Walk sporting goods Co. Ltd.,Sports Store,Japan
1724,"Mikami Co. Ltd.,  Osaka",Sports Store,Japan
1725,B&D Yodoyabashi adhoc store,Sports Store,Japan
1726,Love Sports Nanba store,Sports Store,Japan
1728,Island Sports,Sports Store,United States
1730,Sport Basement,Sports Store,United States
1731,Backcountry Discovery,Outdoors Shop,United States
1732,Wilderness Gear,Outdoors Shop,United States
1733,Backpacking and Mountaineering,Outdoors Shop,United States
1734,Amisport,Outdoors Shop,France
1735,Air marin,Outdoors Shop,France
1736,Amis de montagne,Outdoors Shop,France
1737,Équipement campant,Outdoors Shop,France
1738,Galerie Sport,Sports Store,France
1739,Monde de sport,Sports Store,France
1740,Jeunesse active,Sports Store,France
1741,Golf Plaza,Golf Shop,France
1742,Golf Plus,Golf Shop,France
1743,Sport Gestion,Sports Store,Spain
1744,Objetivo Sport,Sports Store,Spain
1745,Bazar Sport,Sports Store,Spain
1746,Mundo del deporte,Sports Store,Spain
1747,Universo del deporte,Sports Store,Spain
1748,Equipo del deporte,Sports Store,Spain
1749,Conception française,Department Store,France
1750,Optical Vision,Eyewear Store,United States
1751,4 Your Eyes,Eyewear Store,United States
1752,New Vision,Direct Marketing,United States
1753,Stock & Save,Warehouse Store,United Kingdom
1754,The Liquidators,Warehouse Store,United Kingdom
1755,Vista Group,Direct Marketing,United States
1756,Salon optique,Eyewear Store,France
1757,Niu Che Shui Commercial,Outdoors Shop,Singapore
1758,Wujie Guangchang equipment,Outdoors Shop,Singapore
1759,Optiek Benelux,Eyewear Store,Netherlands
1760,Ar fresco,Outdoors Shop,Brazil
1761,Universo Acampando,Outdoors Shop,Brazil
1762,Ao ar livre,Outdoors Shop,Brazil
1763,Galáxia do esporte,Sports Store,Brazil
1764,Mundo saudável,Sports Store,Brazil
1765,Armazém do esporte,Sports Store,Brazil
1766,Palácio do esporte,Sports Store,Brazil
1767,Golf Town,Golf Shop,United Kingdom
1768,Golf Exchange,Golf Shop,United Kingdom
1769,Meister,Sports Store,Switzerland
1770,Sportuniversum,Sports Store,Switzerland
